[
{
  "model": "quiz.quiz",
  "pk": 1,
  "fields": {
    "title": "Internet Quiz",
    "description": "A self-assessment on digital life."
  }
},
{
  "model": "quiz.section",
  "pk": 1,
  "fields": {
    "quiz": 1,
    "name": "selfPresentation"
  }
},
{
  "model": "quiz.section",
  "pk": 2,
  "fields": {
    "quiz": 1,
    "name": "communication"
  }
},
{
  "model": "quiz.section",
  "pk": 3,
  "fields": {
    "quiz": 1,
    "name": "privacy"
  }
},
{
  "model": "quiz.section",
  "pk": 4,
  "fields": {
    "quiz": 1,
    "name": "interaction"
  }
},
{
  "model": "quiz.section",
  "pk": 5,
  "fields": {
    "quiz": 1,
    "name": "platform"
  }
},
{
  "model": "quiz.question",
  "pk": 1,
  "fields": {
    "section": 1,
    "text": "I carefully curate the photos and content I post online.",
    "order": 0
  }
},
{
  "model": "quiz.question",
  "pk": 2,
  "fields": {
    "section": 1,
    "text": "I present a more idealized version of myself on social media.",
    "order": 0
  }
},
{
  "model": "quiz.question",
  "pk": 3,
  "fields": {
    "section": 1,
    "text": "I often edit or filter my photos before posting.",
    "order": 0
  }
},
{
  "model": "quiz.question",
  "pk": 4,
  "fields": {
    "section": 1,
    "text": "I avoid posting content that could reflect poorly on me.",
    "order": 0
  }
},
{
  "model": "quiz.question",
  "pk": 5,
  "fields": {
    "section": 1,
    "text": "My online profile represents who I truly am.",
    "order": 0
  }
},
{
  "model": "quiz.question",
  "pk": 6,
  "fields": {
    "section": 2,
    "text": "I use emojis, GIFs, or memes to express emotions online.",
    "order": 0
  }
},
{
  "model": "quiz.question",
  "pk": 7,
  "fields": {
    "section": 2,
    "text": "I'm more comfortable expressing myself in writing than speaking.",
    "order": 0
  }
},
{
  "model": "quiz.question",
  "pk": 8,
  "fields": {
    "section": 2,
    "text": "I frequently comment or engage on other people's posts.",
    "order": 0
  }
},
{
  "model": "quiz.question",
  "pk": 9,
  "fields": {
    "section": 2,
    "text": "I prefer private messages over public comments.",
    "order": 0
  }
},
{
  "model": "quiz.question",
  "pk": 10,
  "fields": {
    "section": 2,
    "text": "I adapt my tone and language depending on the platform or audience.",
    "order": 0
  }
},
{
  "model": "quiz.question",
  "pk": 11,
  "fields": {
    "section": 3,
    "text": "I often share personal experiences or opinions publicly online.",
    "order": 0
  }
},
{
  "model": "quiz.question",
  "pk": 12,
  "fields": {
    "section": 3,
    "text": "I'm conscious of what information I share and who sees it.",
    "order": 0
  }
},
{
  "model": "quiz.question",
  "pk": 13,
  "fields": {
    "section": 3,
    "text": "I use different usernames or accounts to separate parts of my life.",
    "order": 0
  }
},
{
  "model": "quiz.question",
  "pk": 14,
  "fields": {
    "section": 3,
    "text": "I've regretted something I posted online.",
    "order": 0
  }
},
{
  "model": "quiz.question",
  "pk": 15,
  "fields": {
    "section": 3,
    "text": "I frequently review my privacy settings.",
    "order": 0
  }
},
{
  "model": "quiz.question",
  "pk": 16,
  "fields": {
    "section": 4,
    "text": "I feel more connected to people online than in real life.",
    "order": 0
  }
},
{
  "model": "quiz.question",
  "pk": 17,
  "fields": {
    "section": 4,
    "text": "I maintain friendships primarily through digital communication.",
    "order": 0
  }
},
{
  "model": "quiz.question",
  "pk": 18,
  "fields": {
    "section": 4,
    "text": "I feel anxious when people don't respond to my messages quickly.",
    "order": 0
  }
},
{
  "model": "quiz.question",
  "pk": 19,
  "fields": {
    "section": 4,
    "text": "I've formed meaningful relationships through online platforms.",
    "order": 0
  }
},
{
  "model": "quiz.question",
  "pk": 20,
  "fields": {
    "section": 4,
    "text": "I compare myself to others based on their social media.",
    "order": 0
  }
},
{
  "model": "quiz.question",
  "pk": 21,
  "fields": {
    "section": 5,
    "text": "I check my social media multiple times a day.",
    "order": 0
  }
},
{
  "model": "quiz.question",
  "pk": 22,
  "fields": {
    "section": 5,
    "text": "I follow people or accounts that inspire or entertain me.",
    "order": 0
  }
},
{
  "model": "quiz.question",
  "pk": 23,
  "fields": {
    "section": 5,
    "text": "I prefer platforms where I can control how I present myself.",
    "order": 0
  }
},
{
  "model": "quiz.question",
  "pk": 24,
  "fields": {
    "section": 5,
    "text": "I enjoy experimenting with new online platforms or tools.",
    "order": 0
  }
},
{
  "model": "quiz.question",
  "pk": 25,
  "fields": {
    "section": 5,
    "text": "I use different platforms for different purposes (e.g., work vs. fun).",
    "order": 0
  }
},
{
  "model": "quiz.question",
  "pk": 26,
  "fields": {
    "section": 1,
    "text": "I carefully curate the photos and content I post online.",
    "order": 0
  }
},
{
  "model": "quiz.question",
  "pk": 27,
  "fields": {
    "section": 1,
    "text": "I present a more idealized version of myself on social media.",
    "order": 0
  }
},
{
  "model": "quiz.question",
  "pk": 28,
  "fields": {
    "section": 1,
    "text": "I often edit or filter my photos before posting.",
    "order": 0
  }
},
{
  "model": "quiz.question",
  "pk": 29,
  "fields": {
    "section": 1,
    "text": "I avoid posting content that could reflect poorly on me.",
    "order": 0
  }
},
{
  "model": "quiz.question",
  "pk": 30,
  "fields": {
    "section": 1,
    "text": "My online profile represents who I truly am.",
    "order": 0
  }
},
{
  "model": "quiz.question",
  "pk": 31,
  "fields": {
    "section": 2,
    "text": "I use emojis, GIFs, or memes to express emotions online.",
    "order": 0
  }
},
{
  "model": "quiz.question",
  "pk": 32,
  "fields": {
    "section": 2,
    "text": "I'm more comfortable expressing myself in writing than speaking.",
    "order": 0
  }
},
{
  "model": "quiz.question",
  "pk": 33,
  "fields": {
    "section": 2,
    "text": "I frequently comment or engage on other people's posts.",
    "order": 0
  }
},
{
  "model": "quiz.question",
  "pk": 34,
  "fields": {
    "section": 2,
    "text": "I prefer private messages over public comments.",
    "order": 0
  }
},
{
  "model": "quiz.question",
  "pk": 35,
  "fields": {
    "section": 2,
    "text": "I adapt my tone and language depending on the platform or audience.",
    "order": 0
  }
},
{
  "model": "quiz.question",
  "pk": 36,
  "fields": {
    "section": 3,
    "text": "I often share personal experiences or opinions publicly online.",
    "order": 0
  }
},
{
  "model": "quiz.question",
  "pk": 37,
  "fields": {
    "section": 3,
    "text": "I'm conscious of what information I share and who sees it.",
    "order": 0
  }
},
{
  "model": "quiz.question",
  "pk": 38,
  "fields": {
    "section": 3,
    "text": "I use different usernames or accounts to separate parts of my life.",
    "order": 0
  }
},
{
  "model": "quiz.question",
  "pk": 39,
  "fields": {
    "section": 3,
    "text": "I've regretted something I posted online.",
    "order": 0
  }
},
{
  "model": "quiz.question",
  "pk": 40,
  "fields": {
    "section": 3,
    "text": "I frequently review my privacy settings.",
    "order": 0
  }
},
{
  "model": "quiz.question",
  "pk": 41,
  "fields": {
    "section": 4,
    "text": "I feel more connected to people online than in real life.",
    "order": 0
  }
},
{
  "model": "quiz.question",
  "pk": 42,
  "fields": {
    "section": 4,
    "text": "I maintain friendships primarily through digital communication.",
    "order": 0
  }
},
{
  "model": "quiz.question",
  "pk": 43,
  "fields": {
    "section": 4,
    "text": "I feel anxious when people don't respond to my messages quickly.",
    "order": 0
  }
},
{
  "model": "quiz.question",
  "pk": 44,
  "fields": {
    "section": 4,
    "text": "I've formed meaningful relationships through online platforms.",
    "order": 0
  }
},
{
  "model": "quiz.question",
  "pk": 45,
  "fields": {
    "section": 4,
    "text": "I compare myself to others based on their social media.",
    "order": 0
  }
},
{
  "model": "quiz.question",
  "pk": 46,
  "fields": {
    "section": 5,
    "text": "I check my social media multiple times a day.",
    "order": 0
  }
},
{
  "model": "quiz.question",
  "pk": 47,
  "fields": {
    "section": 5,
    "text": "I follow people or accounts that inspire or entertain me.",
    "order": 0
  }
},
{
  "model": "quiz.question",
  "pk": 48,
  "fields": {
    "section": 5,
    "text": "I prefer platforms where I can control how I present myself.",
    "order": 0
  }
},
{
  "model": "quiz.question",
  "pk": 49,
  "fields": {
    "section": 5,
    "text": "I enjoy experimenting with new online platforms or tools.",
    "order": 0
  }
},
{
  "model": "quiz.question",
  "pk": 50,
  "fields": {
    "section": 5,
    "text": "I use different platforms for different purposes (e.g., work vs. fun).",
    "order": 0
  }
},
{
  "model": "quiz.question",
  "pk": 51,
  "fields": {
    "section": 1,
    "text": "I carefully curate the photos and content I post online.",
    "order": 0
  }
},
{
  "model": "quiz.question",
  "pk": 52,
  "fields": {
    "section": 1,
    "text": "I present a more idealized version of myself on social media.",
    "order": 0
  }
},
{
  "model": "quiz.question",
  "pk": 53,
  "fields": {
    "section": 1,
    "text": "I often edit or filter my photos before posting.",
    "order": 0
  }
},
{
  "model": "quiz.question",
  "pk": 54,
  "fields": {
    "section": 1,
    "text": "I avoid posting content that could reflect poorly on me.",
    "order": 0
  }
},
{
  "model": "quiz.question",
  "pk": 55,
  "fields": {
    "section": 1,
    "text": "My online profile represents who I truly am.",
    "order": 0
  }
},
{
  "model": "quiz.question",
  "pk": 56,
  "fields": {
    "section": 2,
    "text": "I use emojis, GIFs, or memes to express emotions online.",
    "order": 0
  }
},
{
  "model": "quiz.question",
  "pk": 57,
  "fields": {
    "section": 2,
    "text": "I'm more comfortable expressing myself in writing than speaking.",
    "order": 0
  }
},
{
  "model": "quiz.question",
  "pk": 58,
  "fields": {
    "section": 2,
    "text": "I frequently comment or engage on other people's posts.",
    "order": 0
  }
},
{
  "model": "quiz.question",
  "pk": 59,
  "fields": {
    "section": 2,
    "text": "I prefer private messages over public comments.",
    "order": 0
  }
},
{
  "model": "quiz.question",
  "pk": 60,
  "fields": {
    "section": 2,
    "text": "I adapt my tone and language depending on the platform or audience.",
    "order": 0
  }
},
{
  "model": "quiz.question",
  "pk": 61,
  "fields": {
    "section": 3,
    "text": "I often share personal experiences or opinions publicly online.",
    "order": 0
  }
},
{
  "model": "quiz.question",
  "pk": 62,
  "fields": {
    "section": 3,
    "text": "I'm conscious of what information I share and who sees it.",
    "order": 0
  }
},
{
  "model": "quiz.question",
  "pk": 63,
  "fields": {
    "section": 3,
    "text": "I use different usernames or accounts to separate parts of my life.",
    "order": 0
  }
},
{
  "model": "quiz.question",
  "pk": 64,
  "fields": {
    "section": 3,
    "text": "I've regretted something I posted online.",
    "order": 0
  }
},
{
  "model": "quiz.question",
  "pk": 65,
  "fields": {
    "section": 3,
    "text": "I frequently review my privacy settings.",
    "order": 0
  }
},
{
  "model": "quiz.question",
  "pk": 66,
  "fields": {
    "section": 4,
    "text": "I feel more connected to people online than in real life.",
    "order": 0
  }
},
{
  "model": "quiz.question",
  "pk": 67,
  "fields": {
    "section": 4,
    "text": "I maintain friendships primarily through digital communication.",
    "order": 0
  }
},
{
  "model": "quiz.question",
  "pk": 68,
  "fields": {
    "section": 4,
    "text": "I feel anxious when people don't respond to my messages quickly.",
    "order": 0
  }
},
{
  "model": "quiz.question",
  "pk": 69,
  "fields": {
    "section": 4,
    "text": "I've formed meaningful relationships through online platforms.",
    "order": 0
  }
},
{
  "model": "quiz.question",
  "pk": 70,
  "fields": {
    "section": 4,
    "text": "I compare myself to others based on their social media.",
    "order": 0
  }
},
{
  "model": "quiz.question",
  "pk": 71,
  "fields": {
    "section": 5,
    "text": "I check my social media multiple times a day.",
    "order": 0
  }
},
{
  "model": "quiz.question",
  "pk": 72,
  "fields": {
    "section": 5,
    "text": "I follow people or accounts that inspire or entertain me.",
    "order": 0
  }
},
{
  "model": "quiz.question",
  "pk": 73,
  "fields": {
    "section": 5,
    "text": "I prefer platforms where I can control how I present myself.",
    "order": 0
  }
},
{
  "model": "quiz.question",
  "pk": 74,
  "fields": {
    "section": 5,
    "text": "I enjoy experimenting with new online platforms or tools.",
    "order": 0
  }
},
{
  "model": "quiz.question",
  "pk": 75,
  "fields": {
    "section": 5,
    "text": "I use different platforms for different purposes (e.g., work vs. fun).",
    "order": 0
  }
},
{
  "model": "quiz.question",
  "pk": 76,
  "fields": {
    "section": 1,
    "text": "I carefully curate the photos and content I post online.",
    "order": 0
  }
},
{
  "model": "quiz.question",
  "pk": 77,
  "fields": {
    "section": 1,
    "text": "I present a more idealized version of myself on social media.",
    "order": 0
  }
},
{
  "model": "quiz.question",
  "pk": 78,
  "fields": {
    "section": 1,
    "text": "I often edit or filter my photos before posting.",
    "order": 0
  }
},
{
  "model": "quiz.question",
  "pk": 79,
  "fields": {
    "section": 1,
    "text": "I avoid posting content that could reflect poorly on me.",
    "order": 0
  }
},
{
  "model": "quiz.question",
  "pk": 80,
  "fields": {
    "section": 1,
    "text": "My online profile represents who I truly am.",
    "order": 0
  }
},
{
  "model": "quiz.question",
  "pk": 81,
  "fields": {
    "section": 2,
    "text": "I use emojis, GIFs, or memes to express emotions online.",
    "order": 0
  }
},
{
  "model": "quiz.question",
  "pk": 82,
  "fields": {
    "section": 2,
    "text": "I'm more comfortable expressing myself in writing than speaking.",
    "order": 0
  }
},
{
  "model": "quiz.question",
  "pk": 83,
  "fields": {
    "section": 2,
    "text": "I frequently comment or engage on other people's posts.",
    "order": 0
  }
},
{
  "model": "quiz.question",
  "pk": 84,
  "fields": {
    "section": 2,
    "text": "I prefer private messages over public comments.",
    "order": 0
  }
},
{
  "model": "quiz.question",
  "pk": 85,
  "fields": {
    "section": 2,
    "text": "I adapt my tone and language depending on the platform or audience.",
    "order": 0
  }
},
{
  "model": "quiz.question",
  "pk": 86,
  "fields": {
    "section": 3,
    "text": "I often share personal experiences or opinions publicly online.",
    "order": 0
  }
},
{
  "model": "quiz.question",
  "pk": 87,
  "fields": {
    "section": 3,
    "text": "I'm conscious of what information I share and who sees it.",
    "order": 0
  }
},
{
  "model": "quiz.question",
  "pk": 88,
  "fields": {
    "section": 3,
    "text": "I use different usernames or accounts to separate parts of my life.",
    "order": 0
  }
},
{
  "model": "quiz.question",
  "pk": 89,
  "fields": {
    "section": 3,
    "text": "I've regretted something I posted online.",
    "order": 0
  }
},
{
  "model": "quiz.question",
  "pk": 90,
  "fields": {
    "section": 3,
    "text": "I frequently review my privacy settings.",
    "order": 0
  }
},
{
  "model": "quiz.question",
  "pk": 91,
  "fields": {
    "section": 4,
    "text": "I feel more connected to people online than in real life.",
    "order": 0
  }
},
{
  "model": "quiz.question",
  "pk": 92,
  "fields": {
    "section": 4,
    "text": "I maintain friendships primarily through digital communication.",
    "order": 0
  }
},
{
  "model": "quiz.question",
  "pk": 93,
  "fields": {
    "section": 4,
    "text": "I feel anxious when people don't respond to my messages quickly.",
    "order": 0
  }
},
{
  "model": "quiz.question",
  "pk": 94,
  "fields": {
    "section": 4,
    "text": "I've formed meaningful relationships through online platforms.",
    "order": 0
  }
},
{
  "model": "quiz.question",
  "pk": 95,
  "fields": {
    "section": 4,
    "text": "I compare myself to others based on their social media.",
    "order": 0
  }
},
{
  "model": "quiz.question",
  "pk": 96,
  "fields": {
    "section": 5,
    "text": "I check my social media multiple times a day.",
    "order": 0
  }
},
{
  "model": "quiz.question",
  "pk": 97,
  "fields": {
    "section": 5,
    "text": "I follow people or accounts that inspire or entertain me.",
    "order": 0
  }
},
{
  "model": "quiz.question",
  "pk": 98,
  "fields": {
    "section": 5,
    "text": "I prefer platforms where I can control how I present myself.",
    "order": 0
  }
},
{
  "model": "quiz.question",
  "pk": 99,
  "fields": {
    "section": 5,
    "text": "I enjoy experimenting with new online platforms or tools.",
    "order": 0
  }
},
{
  "model": "quiz.question",
  "pk": 100,
  "fields": {
    "section": 5,
    "text": "I use different platforms for different purposes (e.g., work vs. fun).",
    "order": 0
  }
},
{
  "model": "quiz.question",
  "pk": 101,
  "fields": {
    "section": 1,
    "text": "I carefully curate the photos and content I post online.",
    "order": 0
  }
},
{
  "model": "quiz.question",
  "pk": 102,
  "fields": {
    "section": 1,
    "text": "I present a more idealized version of myself on social media.",
    "order": 0
  }
},
{
  "model": "quiz.question",
  "pk": 103,
  "fields": {
    "section": 1,
    "text": "I often edit or filter my photos before posting.",
    "order": 0
  }
},
{
  "model": "quiz.question",
  "pk": 104,
  "fields": {
    "section": 1,
    "text": "I avoid posting content that could reflect poorly on me.",
    "order": 0
  }
},
{
  "model": "quiz.question",
  "pk": 105,
  "fields": {
    "section": 1,
    "text": "My online profile represents who I truly am.",
    "order": 0
  }
},
{
  "model": "quiz.question",
  "pk": 106,
  "fields": {
    "section": 2,
    "text": "I use emojis, GIFs, or memes to express emotions online.",
    "order": 0
  }
},
{
  "model": "quiz.question",
  "pk": 107,
  "fields": {
    "section": 2,
    "text": "I'm more comfortable expressing myself in writing than speaking.",
    "order": 0
  }
},
{
  "model": "quiz.question",
  "pk": 108,
  "fields": {
    "section": 2,
    "text": "I frequently comment or engage on other people's posts.",
    "order": 0
  }
},
{
  "model": "quiz.question",
  "pk": 109,
  "fields": {
    "section": 2,
    "text": "I prefer private messages over public comments.",
    "order": 0
  }
},
{
  "model": "quiz.question",
  "pk": 110,
  "fields": {
    "section": 2,
    "text": "I adapt my tone and language depending on the platform or audience.",
    "order": 0
  }
},
{
  "model": "quiz.question",
  "pk": 111,
  "fields": {
    "section": 3,
    "text": "I often share personal experiences or opinions publicly online.",
    "order": 0
  }
},
{
  "model": "quiz.question",
  "pk": 112,
  "fields": {
    "section": 3,
    "text": "I'm conscious of what information I share and who sees it.",
    "order": 0
  }
},
{
  "model": "quiz.question",
  "pk": 113,
  "fields": {
    "section": 3,
    "text": "I use different usernames or accounts to separate parts of my life.",
    "order": 0
  }
},
{
  "model": "quiz.question",
  "pk": 114,
  "fields": {
    "section": 3,
    "text": "I've regretted something I posted online.",
    "order": 0
  }
},
{
  "model": "quiz.question",
  "pk": 115,
  "fields": {
    "section": 3,
    "text": "I frequently review my privacy settings.",
    "order": 0
  }
},
{
  "model": "quiz.question",
  "pk": 116,
  "fields": {
    "section": 4,
    "text": "I feel more connected to people online than in real life.",
    "order": 0
  }
},
{
  "model": "quiz.question",
  "pk": 117,
  "fields": {
    "section": 4,
    "text": "I maintain friendships primarily through digital communication.",
    "order": 0
  }
},
{
  "model": "quiz.question",
  "pk": 118,
  "fields": {
    "section": 4,
    "text": "I feel anxious when people don't respond to my messages quickly.",
    "order": 0
  }
},
{
  "model": "quiz.question",
  "pk": 119,
  "fields": {
    "section": 4,
    "text": "I've formed meaningful relationships through online platforms.",
    "order": 0
  }
},
{
  "model": "quiz.question",
  "pk": 120,
  "fields": {
    "section": 4,
    "text": "I compare myself to others based on their social media.",
    "order": 0
  }
},
{
  "model": "quiz.question",
  "pk": 121,
  "fields": {
    "section": 5,
    "text": "I check my social media multiple times a day.",
    "order": 0
  }
},
{
  "model": "quiz.question",
  "pk": 122,
  "fields": {
    "section": 5,
    "text": "I follow people or accounts that inspire or entertain me.",
    "order": 0
  }
},
{
  "model": "quiz.question",
  "pk": 123,
  "fields": {
    "section": 5,
    "text": "I prefer platforms where I can control how I present myself.",
    "order": 0
  }
},
{
  "model": "quiz.question",
  "pk": 124,
  "fields": {
    "section": 5,
    "text": "I enjoy experimenting with new online platforms or tools.",
    "order": 0
  }
},
{
  "model": "quiz.question",
  "pk": 125,
  "fields": {
    "section": 5,
    "text": "I use different platforms for different purposes (e.g., work vs. fun).",
    "order": 0
  }
},
{
  "model": "quiz.quizresponse",
  "pk": 1,
  "fields": {
    "quiz": 1,
    "submitted_at": "2025-06-21T19:01:10.948Z",
    "uuid": "uuid-692c5c9d"
  }
},
{
  "model": "quiz.quizresponse",
  "pk": 2,
  "fields": {
    "quiz": 1,
    "submitted_at": "2025-06-21T19:02:55.585Z",
    "uuid": "uuid-692c5c9d"
  }
},
{
  "model": "quiz.quizresponse",
  "pk": 3,
  "fields": {
    "quiz": 1,
    "submitted_at": "2025-06-21T19:03:21.172Z",
    "uuid": "uuid-692c5c9d"
  }
},
{
  "model": "quiz.quizresponse",
  "pk": 4,
  "fields": {
    "quiz": 1,
    "submitted_at": "2025-06-21T19:05:59.890Z",
    "uuid": "uuid-692c5c9d"
  }
},
{
  "model": "quiz.quizresponse",
  "pk": 5,
  "fields": {
    "quiz": 1,
    "submitted_at": "2025-06-21T19:06:13.753Z",
    "uuid": "uuid-692c5c9d"
  }
},
{
  "model": "quiz.quizresponse",
  "pk": 6,
  "fields": {
    "quiz": 1,
    "submitted_at": "2025-06-21T19:07:40.622Z",
    "uuid": "uuid-692c5c9d"
  }
},
{
  "model": "quiz.quizresponse",
  "pk": 7,
  "fields": {
    "quiz": 1,
    "submitted_at": "2025-06-22T00:53:40.841Z",
    "uuid": "uuid-692c5c9d"
  }
},
{
  "model": "quiz.quizresponse",
  "pk": 8,
  "fields": {
    "quiz": 1,
    "submitted_at": "2025-06-22T01:06:22.395Z",
    "uuid": "uuid-692c5c9d"
  }
},
{
  "model": "quiz.quizresponse",
  "pk": 9,
  "fields": {
    "quiz": 1,
    "submitted_at": "2025-06-22T01:08:11.164Z",
    "uuid": "uuid-692c5c9d"
  }
},
{
  "model": "quiz.quizresponse",
  "pk": 10,
  "fields": {
    "quiz": 1,
    "submitted_at": "2025-06-23T00:45:30.256Z",
    "uuid": "uuid-692c5c9d"
  }
},
{
  "model": "quiz.answer",
  "pk": 1,
  "fields": {
    "response": 1,
    "question": 6,
    "value": "1"
  }
},
{
  "model": "quiz.answer",
  "pk": 2,
  "fields": {
    "response": 1,
    "question": 7,
    "value": "3"
  }
},
{
  "model": "quiz.answer",
  "pk": 3,
  "fields": {
    "response": 1,
    "question": 8,
    "value": "2"
  }
},
{
  "model": "quiz.answer",
  "pk": 4,
  "fields": {
    "response": 1,
    "question": 9,
    "value": "3"
  }
},
{
  "model": "quiz.answer",
  "pk": 5,
  "fields": {
    "response": 1,
    "question": 10,
    "value": "2"
  }
},
{
  "model": "quiz.answer",
  "pk": 6,
  "fields": {
    "response": 1,
    "question": 16,
    "value": "2"
  }
},
{
  "model": "quiz.answer",
  "pk": 7,
  "fields": {
    "response": 1,
    "question": 17,
    "value": "1"
  }
},
{
  "model": "quiz.answer",
  "pk": 8,
  "fields": {
    "response": 1,
    "question": 18,
    "value": "2"
  }
},
{
  "model": "quiz.answer",
  "pk": 9,
  "fields": {
    "response": 1,
    "question": 19,
    "value": "2"
  }
},
{
  "model": "quiz.answer",
  "pk": 10,
  "fields": {
    "response": 1,
    "question": 20,
    "value": "1"
  }
},
{
  "model": "quiz.answer",
  "pk": 11,
  "fields": {
    "response": 1,
    "question": 21,
    "value": "2"
  }
},
{
  "model": "quiz.answer",
  "pk": 12,
  "fields": {
    "response": 1,
    "question": 22,
    "value": "4"
  }
},
{
  "model": "quiz.answer",
  "pk": 13,
  "fields": {
    "response": 1,
    "question": 23,
    "value": "2"
  }
},
{
  "model": "quiz.answer",
  "pk": 14,
  "fields": {
    "response": 1,
    "question": 24,
    "value": "4"
  }
},
{
  "model": "quiz.answer",
  "pk": 15,
  "fields": {
    "response": 1,
    "question": 25,
    "value": "4"
  }
},
{
  "model": "quiz.answer",
  "pk": 16,
  "fields": {
    "response": 1,
    "question": 11,
    "value": "3"
  }
},
{
  "model": "quiz.answer",
  "pk": 17,
  "fields": {
    "response": 1,
    "question": 12,
    "value": "3"
  }
},
{
  "model": "quiz.answer",
  "pk": 18,
  "fields": {
    "response": 1,
    "question": 13,
    "value": "4"
  }
},
{
  "model": "quiz.answer",
  "pk": 19,
  "fields": {
    "response": 1,
    "question": 14,
    "value": "4"
  }
},
{
  "model": "quiz.answer",
  "pk": 20,
  "fields": {
    "response": 1,
    "question": 15,
    "value": "2"
  }
},
{
  "model": "quiz.answer",
  "pk": 21,
  "fields": {
    "response": 1,
    "question": 1,
    "value": "2"
  }
},
{
  "model": "quiz.answer",
  "pk": 22,
  "fields": {
    "response": 1,
    "question": 2,
    "value": "2"
  }
},
{
  "model": "quiz.answer",
  "pk": 23,
  "fields": {
    "response": 1,
    "question": 3,
    "value": "3"
  }
},
{
  "model": "quiz.answer",
  "pk": 24,
  "fields": {
    "response": 1,
    "question": 4,
    "value": "3"
  }
},
{
  "model": "quiz.answer",
  "pk": 25,
  "fields": {
    "response": 1,
    "question": 5,
    "value": "3"
  }
},
{
  "model": "quiz.answer",
  "pk": 26,
  "fields": {
    "response": 2,
    "question": 6,
    "value": "1"
  }
},
{
  "model": "quiz.answer",
  "pk": 27,
  "fields": {
    "response": 2,
    "question": 7,
    "value": "3"
  }
},
{
  "model": "quiz.answer",
  "pk": 28,
  "fields": {
    "response": 2,
    "question": 8,
    "value": "2"
  }
},
{
  "model": "quiz.answer",
  "pk": 29,
  "fields": {
    "response": 2,
    "question": 9,
    "value": "3"
  }
},
{
  "model": "quiz.answer",
  "pk": 30,
  "fields": {
    "response": 2,
    "question": 10,
    "value": "2"
  }
},
{
  "model": "quiz.answer",
  "pk": 31,
  "fields": {
    "response": 2,
    "question": 16,
    "value": "2"
  }
},
{
  "model": "quiz.answer",
  "pk": 32,
  "fields": {
    "response": 2,
    "question": 17,
    "value": "1"
  }
},
{
  "model": "quiz.answer",
  "pk": 33,
  "fields": {
    "response": 2,
    "question": 18,
    "value": "2"
  }
},
{
  "model": "quiz.answer",
  "pk": 34,
  "fields": {
    "response": 2,
    "question": 19,
    "value": "2"
  }
},
{
  "model": "quiz.answer",
  "pk": 35,
  "fields": {
    "response": 2,
    "question": 20,
    "value": "1"
  }
},
{
  "model": "quiz.answer",
  "pk": 36,
  "fields": {
    "response": 2,
    "question": 21,
    "value": "2"
  }
},
{
  "model": "quiz.answer",
  "pk": 37,
  "fields": {
    "response": 2,
    "question": 22,
    "value": "4"
  }
},
{
  "model": "quiz.answer",
  "pk": 38,
  "fields": {
    "response": 2,
    "question": 23,
    "value": "2"
  }
},
{
  "model": "quiz.answer",
  "pk": 39,
  "fields": {
    "response": 2,
    "question": 24,
    "value": "4"
  }
},
{
  "model": "quiz.answer",
  "pk": 40,
  "fields": {
    "response": 2,
    "question": 25,
    "value": "4"
  }
},
{
  "model": "quiz.answer",
  "pk": 41,
  "fields": {
    "response": 2,
    "question": 11,
    "value": "3"
  }
},
{
  "model": "quiz.answer",
  "pk": 42,
  "fields": {
    "response": 2,
    "question": 12,
    "value": "3"
  }
},
{
  "model": "quiz.answer",
  "pk": 43,
  "fields": {
    "response": 2,
    "question": 13,
    "value": "4"
  }
},
{
  "model": "quiz.answer",
  "pk": 44,
  "fields": {
    "response": 2,
    "question": 14,
    "value": "4"
  }
},
{
  "model": "quiz.answer",
  "pk": 45,
  "fields": {
    "response": 2,
    "question": 15,
    "value": "2"
  }
},
{
  "model": "quiz.answer",
  "pk": 46,
  "fields": {
    "response": 2,
    "question": 1,
    "value": "2"
  }
},
{
  "model": "quiz.answer",
  "pk": 47,
  "fields": {
    "response": 2,
    "question": 2,
    "value": "2"
  }
},
{
  "model": "quiz.answer",
  "pk": 48,
  "fields": {
    "response": 2,
    "question": 3,
    "value": "3"
  }
},
{
  "model": "quiz.answer",
  "pk": 49,
  "fields": {
    "response": 2,
    "question": 4,
    "value": "3"
  }
},
{
  "model": "quiz.answer",
  "pk": 50,
  "fields": {
    "response": 2,
    "question": 5,
    "value": "3"
  }
},
{
  "model": "quiz.answer",
  "pk": 51,
  "fields": {
    "response": 3,
    "question": 6,
    "value": "1"
  }
},
{
  "model": "quiz.answer",
  "pk": 52,
  "fields": {
    "response": 3,
    "question": 7,
    "value": "3"
  }
},
{
  "model": "quiz.answer",
  "pk": 53,
  "fields": {
    "response": 3,
    "question": 8,
    "value": "2"
  }
},
{
  "model": "quiz.answer",
  "pk": 54,
  "fields": {
    "response": 3,
    "question": 9,
    "value": "3"
  }
},
{
  "model": "quiz.answer",
  "pk": 55,
  "fields": {
    "response": 3,
    "question": 10,
    "value": "2"
  }
},
{
  "model": "quiz.answer",
  "pk": 56,
  "fields": {
    "response": 3,
    "question": 16,
    "value": "2"
  }
},
{
  "model": "quiz.answer",
  "pk": 57,
  "fields": {
    "response": 3,
    "question": 17,
    "value": "1"
  }
},
{
  "model": "quiz.answer",
  "pk": 58,
  "fields": {
    "response": 3,
    "question": 18,
    "value": "2"
  }
},
{
  "model": "quiz.answer",
  "pk": 59,
  "fields": {
    "response": 3,
    "question": 19,
    "value": "2"
  }
},
{
  "model": "quiz.answer",
  "pk": 60,
  "fields": {
    "response": 3,
    "question": 20,
    "value": "1"
  }
},
{
  "model": "quiz.answer",
  "pk": 61,
  "fields": {
    "response": 3,
    "question": 21,
    "value": "2"
  }
},
{
  "model": "quiz.answer",
  "pk": 62,
  "fields": {
    "response": 3,
    "question": 22,
    "value": "4"
  }
},
{
  "model": "quiz.answer",
  "pk": 63,
  "fields": {
    "response": 3,
    "question": 23,
    "value": "2"
  }
},
{
  "model": "quiz.answer",
  "pk": 64,
  "fields": {
    "response": 3,
    "question": 24,
    "value": "4"
  }
},
{
  "model": "quiz.answer",
  "pk": 65,
  "fields": {
    "response": 3,
    "question": 25,
    "value": "4"
  }
},
{
  "model": "quiz.answer",
  "pk": 66,
  "fields": {
    "response": 3,
    "question": 11,
    "value": "3"
  }
},
{
  "model": "quiz.answer",
  "pk": 67,
  "fields": {
    "response": 3,
    "question": 12,
    "value": "3"
  }
},
{
  "model": "quiz.answer",
  "pk": 68,
  "fields": {
    "response": 3,
    "question": 13,
    "value": "4"
  }
},
{
  "model": "quiz.answer",
  "pk": 69,
  "fields": {
    "response": 3,
    "question": 14,
    "value": "4"
  }
},
{
  "model": "quiz.answer",
  "pk": 70,
  "fields": {
    "response": 3,
    "question": 15,
    "value": "2"
  }
},
{
  "model": "quiz.answer",
  "pk": 71,
  "fields": {
    "response": 3,
    "question": 1,
    "value": "2"
  }
},
{
  "model": "quiz.answer",
  "pk": 72,
  "fields": {
    "response": 3,
    "question": 2,
    "value": "2"
  }
},
{
  "model": "quiz.answer",
  "pk": 73,
  "fields": {
    "response": 3,
    "question": 3,
    "value": "3"
  }
},
{
  "model": "quiz.answer",
  "pk": 74,
  "fields": {
    "response": 3,
    "question": 4,
    "value": "3"
  }
},
{
  "model": "quiz.answer",
  "pk": 75,
  "fields": {
    "response": 3,
    "question": 5,
    "value": "3"
  }
},
{
  "model": "quiz.answer",
  "pk": 76,
  "fields": {
    "response": 4,
    "question": 6,
    "value": "1"
  }
},
{
  "model": "quiz.answer",
  "pk": 77,
  "fields": {
    "response": 4,
    "question": 7,
    "value": "3"
  }
},
{
  "model": "quiz.answer",
  "pk": 78,
  "fields": {
    "response": 4,
    "question": 8,
    "value": "2"
  }
},
{
  "model": "quiz.answer",
  "pk": 79,
  "fields": {
    "response": 4,
    "question": 9,
    "value": "3"
  }
},
{
  "model": "quiz.answer",
  "pk": 80,
  "fields": {
    "response": 4,
    "question": 10,
    "value": "2"
  }
},
{
  "model": "quiz.answer",
  "pk": 81,
  "fields": {
    "response": 4,
    "question": 16,
    "value": "2"
  }
},
{
  "model": "quiz.answer",
  "pk": 82,
  "fields": {
    "response": 4,
    "question": 17,
    "value": "1"
  }
},
{
  "model": "quiz.answer",
  "pk": 83,
  "fields": {
    "response": 4,
    "question": 18,
    "value": "2"
  }
},
{
  "model": "quiz.answer",
  "pk": 84,
  "fields": {
    "response": 4,
    "question": 19,
    "value": "2"
  }
},
{
  "model": "quiz.answer",
  "pk": 85,
  "fields": {
    "response": 4,
    "question": 20,
    "value": "1"
  }
},
{
  "model": "quiz.answer",
  "pk": 86,
  "fields": {
    "response": 4,
    "question": 21,
    "value": "2"
  }
},
{
  "model": "quiz.answer",
  "pk": 87,
  "fields": {
    "response": 4,
    "question": 22,
    "value": "4"
  }
},
{
  "model": "quiz.answer",
  "pk": 88,
  "fields": {
    "response": 4,
    "question": 23,
    "value": "2"
  }
},
{
  "model": "quiz.answer",
  "pk": 89,
  "fields": {
    "response": 4,
    "question": 24,
    "value": "4"
  }
},
{
  "model": "quiz.answer",
  "pk": 90,
  "fields": {
    "response": 4,
    "question": 25,
    "value": "4"
  }
},
{
  "model": "quiz.answer",
  "pk": 91,
  "fields": {
    "response": 4,
    "question": 11,
    "value": "3"
  }
},
{
  "model": "quiz.answer",
  "pk": 92,
  "fields": {
    "response": 4,
    "question": 12,
    "value": "3"
  }
},
{
  "model": "quiz.answer",
  "pk": 93,
  "fields": {
    "response": 4,
    "question": 13,
    "value": "4"
  }
},
{
  "model": "quiz.answer",
  "pk": 94,
  "fields": {
    "response": 4,
    "question": 14,
    "value": "4"
  }
},
{
  "model": "quiz.answer",
  "pk": 95,
  "fields": {
    "response": 4,
    "question": 15,
    "value": "2"
  }
},
{
  "model": "quiz.answer",
  "pk": 96,
  "fields": {
    "response": 4,
    "question": 1,
    "value": "2"
  }
},
{
  "model": "quiz.answer",
  "pk": 97,
  "fields": {
    "response": 4,
    "question": 2,
    "value": "2"
  }
},
{
  "model": "quiz.answer",
  "pk": 98,
  "fields": {
    "response": 4,
    "question": 3,
    "value": "3"
  }
},
{
  "model": "quiz.answer",
  "pk": 99,
  "fields": {
    "response": 4,
    "question": 4,
    "value": "3"
  }
},
{
  "model": "quiz.answer",
  "pk": 100,
  "fields": {
    "response": 4,
    "question": 5,
    "value": "3"
  }
},
{
  "model": "quiz.answer",
  "pk": 101,
  "fields": {
    "response": 5,
    "question": 6,
    "value": "1"
  }
},
{
  "model": "quiz.answer",
  "pk": 102,
  "fields": {
    "response": 5,
    "question": 7,
    "value": "3"
  }
},
{
  "model": "quiz.answer",
  "pk": 103,
  "fields": {
    "response": 5,
    "question": 8,
    "value": "2"
  }
},
{
  "model": "quiz.answer",
  "pk": 104,
  "fields": {
    "response": 5,
    "question": 9,
    "value": "3"
  }
},
{
  "model": "quiz.answer",
  "pk": 105,
  "fields": {
    "response": 5,
    "question": 10,
    "value": "2"
  }
},
{
  "model": "quiz.answer",
  "pk": 106,
  "fields": {
    "response": 5,
    "question": 16,
    "value": "2"
  }
},
{
  "model": "quiz.answer",
  "pk": 107,
  "fields": {
    "response": 5,
    "question": 17,
    "value": "1"
  }
},
{
  "model": "quiz.answer",
  "pk": 108,
  "fields": {
    "response": 5,
    "question": 18,
    "value": "2"
  }
},
{
  "model": "quiz.answer",
  "pk": 109,
  "fields": {
    "response": 5,
    "question": 19,
    "value": "2"
  }
},
{
  "model": "quiz.answer",
  "pk": 110,
  "fields": {
    "response": 5,
    "question": 20,
    "value": "1"
  }
},
{
  "model": "quiz.answer",
  "pk": 111,
  "fields": {
    "response": 5,
    "question": 21,
    "value": "2"
  }
},
{
  "model": "quiz.answer",
  "pk": 112,
  "fields": {
    "response": 5,
    "question": 22,
    "value": "4"
  }
},
{
  "model": "quiz.answer",
  "pk": 113,
  "fields": {
    "response": 5,
    "question": 23,
    "value": "2"
  }
},
{
  "model": "quiz.answer",
  "pk": 114,
  "fields": {
    "response": 5,
    "question": 24,
    "value": "4"
  }
},
{
  "model": "quiz.answer",
  "pk": 115,
  "fields": {
    "response": 5,
    "question": 25,
    "value": "4"
  }
},
{
  "model": "quiz.answer",
  "pk": 116,
  "fields": {
    "response": 5,
    "question": 11,
    "value": "3"
  }
},
{
  "model": "quiz.answer",
  "pk": 117,
  "fields": {
    "response": 5,
    "question": 12,
    "value": "3"
  }
},
{
  "model": "quiz.answer",
  "pk": 118,
  "fields": {
    "response": 5,
    "question": 13,
    "value": "4"
  }
},
{
  "model": "quiz.answer",
  "pk": 119,
  "fields": {
    "response": 5,
    "question": 14,
    "value": "4"
  }
},
{
  "model": "quiz.answer",
  "pk": 120,
  "fields": {
    "response": 5,
    "question": 15,
    "value": "2"
  }
},
{
  "model": "quiz.answer",
  "pk": 121,
  "fields": {
    "response": 5,
    "question": 1,
    "value": "2"
  }
},
{
  "model": "quiz.answer",
  "pk": 122,
  "fields": {
    "response": 5,
    "question": 2,
    "value": "2"
  }
},
{
  "model": "quiz.answer",
  "pk": 123,
  "fields": {
    "response": 5,
    "question": 3,
    "value": "3"
  }
},
{
  "model": "quiz.answer",
  "pk": 124,
  "fields": {
    "response": 5,
    "question": 4,
    "value": "3"
  }
},
{
  "model": "quiz.answer",
  "pk": 125,
  "fields": {
    "response": 5,
    "question": 5,
    "value": "3"
  }
},
{
  "model": "quiz.answer",
  "pk": 126,
  "fields": {
    "response": 6,
    "question": 6,
    "value": "1"
  }
},
{
  "model": "quiz.answer",
  "pk": 127,
  "fields": {
    "response": 6,
    "question": 7,
    "value": "3"
  }
},
{
  "model": "quiz.answer",
  "pk": 128,
  "fields": {
    "response": 6,
    "question": 8,
    "value": "2"
  }
},
{
  "model": "quiz.answer",
  "pk": 129,
  "fields": {
    "response": 6,
    "question": 9,
    "value": "3"
  }
},
{
  "model": "quiz.answer",
  "pk": 130,
  "fields": {
    "response": 6,
    "question": 10,
    "value": "2"
  }
},
{
  "model": "quiz.answer",
  "pk": 131,
  "fields": {
    "response": 6,
    "question": 16,
    "value": "2"
  }
},
{
  "model": "quiz.answer",
  "pk": 132,
  "fields": {
    "response": 6,
    "question": 17,
    "value": "1"
  }
},
{
  "model": "quiz.answer",
  "pk": 133,
  "fields": {
    "response": 6,
    "question": 18,
    "value": "2"
  }
},
{
  "model": "quiz.answer",
  "pk": 134,
  "fields": {
    "response": 6,
    "question": 19,
    "value": "2"
  }
},
{
  "model": "quiz.answer",
  "pk": 135,
  "fields": {
    "response": 6,
    "question": 20,
    "value": "1"
  }
},
{
  "model": "quiz.answer",
  "pk": 136,
  "fields": {
    "response": 6,
    "question": 21,
    "value": "2"
  }
},
{
  "model": "quiz.answer",
  "pk": 137,
  "fields": {
    "response": 6,
    "question": 22,
    "value": "4"
  }
},
{
  "model": "quiz.answer",
  "pk": 138,
  "fields": {
    "response": 6,
    "question": 23,
    "value": "2"
  }
},
{
  "model": "quiz.answer",
  "pk": 139,
  "fields": {
    "response": 6,
    "question": 24,
    "value": "4"
  }
},
{
  "model": "quiz.answer",
  "pk": 140,
  "fields": {
    "response": 6,
    "question": 25,
    "value": "4"
  }
},
{
  "model": "quiz.answer",
  "pk": 141,
  "fields": {
    "response": 6,
    "question": 11,
    "value": "3"
  }
},
{
  "model": "quiz.answer",
  "pk": 142,
  "fields": {
    "response": 6,
    "question": 12,
    "value": "3"
  }
},
{
  "model": "quiz.answer",
  "pk": 143,
  "fields": {
    "response": 6,
    "question": 13,
    "value": "4"
  }
},
{
  "model": "quiz.answer",
  "pk": 144,
  "fields": {
    "response": 6,
    "question": 14,
    "value": "4"
  }
},
{
  "model": "quiz.answer",
  "pk": 145,
  "fields": {
    "response": 6,
    "question": 15,
    "value": "2"
  }
},
{
  "model": "quiz.answer",
  "pk": 146,
  "fields": {
    "response": 6,
    "question": 1,
    "value": "2"
  }
},
{
  "model": "quiz.answer",
  "pk": 147,
  "fields": {
    "response": 6,
    "question": 2,
    "value": "2"
  }
},
{
  "model": "quiz.answer",
  "pk": 148,
  "fields": {
    "response": 6,
    "question": 3,
    "value": "3"
  }
},
{
  "model": "quiz.answer",
  "pk": 149,
  "fields": {
    "response": 6,
    "question": 4,
    "value": "3"
  }
},
{
  "model": "quiz.answer",
  "pk": 150,
  "fields": {
    "response": 6,
    "question": 5,
    "value": "3"
  }
},
{
  "model": "quiz.answer",
  "pk": 151,
  "fields": {
    "response": 7,
    "question": 6,
    "value": "2"
  }
},
{
  "model": "quiz.answer",
  "pk": 152,
  "fields": {
    "response": 7,
    "question": 7,
    "value": "2"
  }
},
{
  "model": "quiz.answer",
  "pk": 153,
  "fields": {
    "response": 7,
    "question": 8,
    "value": "2"
  }
},
{
  "model": "quiz.answer",
  "pk": 154,
  "fields": {
    "response": 7,
    "question": 9,
    "value": "2"
  }
},
{
  "model": "quiz.answer",
  "pk": 155,
  "fields": {
    "response": 7,
    "question": 10,
    "value": "2"
  }
},
{
  "model": "quiz.answer",
  "pk": 156,
  "fields": {
    "response": 7,
    "question": 31,
    "value": "2"
  }
},
{
  "model": "quiz.answer",
  "pk": 157,
  "fields": {
    "response": 7,
    "question": 32,
    "value": "2"
  }
},
{
  "model": "quiz.answer",
  "pk": 158,
  "fields": {
    "response": 7,
    "question": 33,
    "value": "2"
  }
},
{
  "model": "quiz.answer",
  "pk": 159,
  "fields": {
    "response": 7,
    "question": 34,
    "value": "2"
  }
},
{
  "model": "quiz.answer",
  "pk": 160,
  "fields": {
    "response": 7,
    "question": 35,
    "value": "2"
  }
},
{
  "model": "quiz.answer",
  "pk": 161,
  "fields": {
    "response": 7,
    "question": 16,
    "value": "2"
  }
},
{
  "model": "quiz.answer",
  "pk": 162,
  "fields": {
    "response": 7,
    "question": 17,
    "value": "2"
  }
},
{
  "model": "quiz.answer",
  "pk": 163,
  "fields": {
    "response": 7,
    "question": 18,
    "value": "2"
  }
},
{
  "model": "quiz.answer",
  "pk": 164,
  "fields": {
    "response": 7,
    "question": 19,
    "value": "2"
  }
},
{
  "model": "quiz.answer",
  "pk": 165,
  "fields": {
    "response": 7,
    "question": 20,
    "value": "2"
  }
},
{
  "model": "quiz.answer",
  "pk": 166,
  "fields": {
    "response": 7,
    "question": 41,
    "value": "2"
  }
},
{
  "model": "quiz.answer",
  "pk": 167,
  "fields": {
    "response": 7,
    "question": 42,
    "value": "2"
  }
},
{
  "model": "quiz.answer",
  "pk": 168,
  "fields": {
    "response": 7,
    "question": 43,
    "value": "2"
  }
},
{
  "model": "quiz.answer",
  "pk": 169,
  "fields": {
    "response": 7,
    "question": 44,
    "value": "2"
  }
},
{
  "model": "quiz.answer",
  "pk": 170,
  "fields": {
    "response": 7,
    "question": 45,
    "value": "2"
  }
},
{
  "model": "quiz.answer",
  "pk": 171,
  "fields": {
    "response": 7,
    "question": 21,
    "value": "2"
  }
},
{
  "model": "quiz.answer",
  "pk": 172,
  "fields": {
    "response": 7,
    "question": 22,
    "value": "3"
  }
},
{
  "model": "quiz.answer",
  "pk": 173,
  "fields": {
    "response": 7,
    "question": 23,
    "value": "3"
  }
},
{
  "model": "quiz.answer",
  "pk": 174,
  "fields": {
    "response": 7,
    "question": 24,
    "value": "3"
  }
},
{
  "model": "quiz.answer",
  "pk": 175,
  "fields": {
    "response": 7,
    "question": 25,
    "value": "3"
  }
},
{
  "model": "quiz.answer",
  "pk": 176,
  "fields": {
    "response": 7,
    "question": 46,
    "value": "2"
  }
},
{
  "model": "quiz.answer",
  "pk": 177,
  "fields": {
    "response": 7,
    "question": 47,
    "value": "2"
  }
},
{
  "model": "quiz.answer",
  "pk": 178,
  "fields": {
    "response": 7,
    "question": 48,
    "value": "2"
  }
},
{
  "model": "quiz.answer",
  "pk": 179,
  "fields": {
    "response": 7,
    "question": 49,
    "value": "2"
  }
},
{
  "model": "quiz.answer",
  "pk": 180,
  "fields": {
    "response": 7,
    "question": 50,
    "value": "2"
  }
},
{
  "model": "quiz.answer",
  "pk": 181,
  "fields": {
    "response": 7,
    "question": 11,
    "value": "4"
  }
},
{
  "model": "quiz.answer",
  "pk": 182,
  "fields": {
    "response": 7,
    "question": 12,
    "value": "4"
  }
},
{
  "model": "quiz.answer",
  "pk": 183,
  "fields": {
    "response": 7,
    "question": 13,
    "value": "4"
  }
},
{
  "model": "quiz.answer",
  "pk": 184,
  "fields": {
    "response": 7,
    "question": 14,
    "value": "4"
  }
},
{
  "model": "quiz.answer",
  "pk": 185,
  "fields": {
    "response": 7,
    "question": 15,
    "value": "4"
  }
},
{
  "model": "quiz.answer",
  "pk": 186,
  "fields": {
    "response": 7,
    "question": 36,
    "value": "4"
  }
},
{
  "model": "quiz.answer",
  "pk": 187,
  "fields": {
    "response": 7,
    "question": 37,
    "value": "4"
  }
},
{
  "model": "quiz.answer",
  "pk": 188,
  "fields": {
    "response": 7,
    "question": 38,
    "value": "4"
  }
},
{
  "model": "quiz.answer",
  "pk": 189,
  "fields": {
    "response": 7,
    "question": 39,
    "value": "4"
  }
},
{
  "model": "quiz.answer",
  "pk": 190,
  "fields": {
    "response": 7,
    "question": 40,
    "value": "4"
  }
},
{
  "model": "quiz.answer",
  "pk": 191,
  "fields": {
    "response": 7,
    "question": 1,
    "value": "1"
  }
},
{
  "model": "quiz.answer",
  "pk": 192,
  "fields": {
    "response": 7,
    "question": 2,
    "value": "2"
  }
},
{
  "model": "quiz.answer",
  "pk": 193,
  "fields": {
    "response": 7,
    "question": 3,
    "value": "3"
  }
},
{
  "model": "quiz.answer",
  "pk": 194,
  "fields": {
    "response": 7,
    "question": 4,
    "value": "2"
  }
},
{
  "model": "quiz.answer",
  "pk": 195,
  "fields": {
    "response": 7,
    "question": 5,
    "value": "2"
  }
},
{
  "model": "quiz.answer",
  "pk": 196,
  "fields": {
    "response": 7,
    "question": 26,
    "value": "2"
  }
},
{
  "model": "quiz.answer",
  "pk": 197,
  "fields": {
    "response": 7,
    "question": 27,
    "value": "2"
  }
},
{
  "model": "quiz.answer",
  "pk": 198,
  "fields": {
    "response": 7,
    "question": 28,
    "value": "2"
  }
},
{
  "model": "quiz.answer",
  "pk": 199,
  "fields": {
    "response": 7,
    "question": 29,
    "value": "2"
  }
},
{
  "model": "quiz.answer",
  "pk": 200,
  "fields": {
    "response": 7,
    "question": 30,
    "value": "2"
  }
},
{
  "model": "quiz.answer",
  "pk": 201,
  "fields": {
    "response": 8,
    "question": 6,
    "value": "2"
  }
},
{
  "model": "quiz.answer",
  "pk": 202,
  "fields": {
    "response": 8,
    "question": 7,
    "value": "2"
  }
},
{
  "model": "quiz.answer",
  "pk": 203,
  "fields": {
    "response": 8,
    "question": 8,
    "value": "2"
  }
},
{
  "model": "quiz.answer",
  "pk": 204,
  "fields": {
    "response": 8,
    "question": 9,
    "value": "2"
  }
},
{
  "model": "quiz.answer",
  "pk": 205,
  "fields": {
    "response": 8,
    "question": 10,
    "value": "2"
  }
},
{
  "model": "quiz.answer",
  "pk": 206,
  "fields": {
    "response": 8,
    "question": 31,
    "value": "2"
  }
},
{
  "model": "quiz.answer",
  "pk": 207,
  "fields": {
    "response": 8,
    "question": 32,
    "value": "2"
  }
},
{
  "model": "quiz.answer",
  "pk": 208,
  "fields": {
    "response": 8,
    "question": 33,
    "value": "2"
  }
},
{
  "model": "quiz.answer",
  "pk": 209,
  "fields": {
    "response": 8,
    "question": 34,
    "value": "2"
  }
},
{
  "model": "quiz.answer",
  "pk": 210,
  "fields": {
    "response": 8,
    "question": 35,
    "value": "2"
  }
},
{
  "model": "quiz.answer",
  "pk": 211,
  "fields": {
    "response": 8,
    "question": 16,
    "value": "2"
  }
},
{
  "model": "quiz.answer",
  "pk": 212,
  "fields": {
    "response": 8,
    "question": 17,
    "value": "2"
  }
},
{
  "model": "quiz.answer",
  "pk": 213,
  "fields": {
    "response": 8,
    "question": 18,
    "value": "2"
  }
},
{
  "model": "quiz.answer",
  "pk": 214,
  "fields": {
    "response": 8,
    "question": 19,
    "value": "2"
  }
},
{
  "model": "quiz.answer",
  "pk": 215,
  "fields": {
    "response": 8,
    "question": 20,
    "value": "2"
  }
},
{
  "model": "quiz.answer",
  "pk": 216,
  "fields": {
    "response": 8,
    "question": 41,
    "value": "2"
  }
},
{
  "model": "quiz.answer",
  "pk": 217,
  "fields": {
    "response": 8,
    "question": 42,
    "value": "2"
  }
},
{
  "model": "quiz.answer",
  "pk": 218,
  "fields": {
    "response": 8,
    "question": 43,
    "value": "2"
  }
},
{
  "model": "quiz.answer",
  "pk": 219,
  "fields": {
    "response": 8,
    "question": 44,
    "value": "2"
  }
},
{
  "model": "quiz.answer",
  "pk": 220,
  "fields": {
    "response": 8,
    "question": 45,
    "value": "2"
  }
},
{
  "model": "quiz.answer",
  "pk": 221,
  "fields": {
    "response": 8,
    "question": 21,
    "value": "2"
  }
},
{
  "model": "quiz.answer",
  "pk": 222,
  "fields": {
    "response": 8,
    "question": 22,
    "value": "2"
  }
},
{
  "model": "quiz.answer",
  "pk": 223,
  "fields": {
    "response": 8,
    "question": 23,
    "value": "2"
  }
},
{
  "model": "quiz.answer",
  "pk": 224,
  "fields": {
    "response": 8,
    "question": 24,
    "value": "2"
  }
},
{
  "model": "quiz.answer",
  "pk": 225,
  "fields": {
    "response": 8,
    "question": 25,
    "value": "2"
  }
},
{
  "model": "quiz.answer",
  "pk": 226,
  "fields": {
    "response": 8,
    "question": 46,
    "value": "2"
  }
},
{
  "model": "quiz.answer",
  "pk": 227,
  "fields": {
    "response": 8,
    "question": 47,
    "value": "2"
  }
},
{
  "model": "quiz.answer",
  "pk": 228,
  "fields": {
    "response": 8,
    "question": 48,
    "value": "2"
  }
},
{
  "model": "quiz.answer",
  "pk": 229,
  "fields": {
    "response": 8,
    "question": 49,
    "value": "2"
  }
},
{
  "model": "quiz.answer",
  "pk": 230,
  "fields": {
    "response": 8,
    "question": 50,
    "value": "2"
  }
},
{
  "model": "quiz.answer",
  "pk": 231,
  "fields": {
    "response": 8,
    "question": 11,
    "value": "2"
  }
},
{
  "model": "quiz.answer",
  "pk": 232,
  "fields": {
    "response": 8,
    "question": 12,
    "value": "2"
  }
},
{
  "model": "quiz.answer",
  "pk": 233,
  "fields": {
    "response": 8,
    "question": 13,
    "value": "2"
  }
},
{
  "model": "quiz.answer",
  "pk": 234,
  "fields": {
    "response": 8,
    "question": 14,
    "value": "2"
  }
},
{
  "model": "quiz.answer",
  "pk": 235,
  "fields": {
    "response": 8,
    "question": 15,
    "value": "2"
  }
},
{
  "model": "quiz.answer",
  "pk": 236,
  "fields": {
    "response": 8,
    "question": 36,
    "value": "2"
  }
},
{
  "model": "quiz.answer",
  "pk": 237,
  "fields": {
    "response": 8,
    "question": 37,
    "value": "2"
  }
},
{
  "model": "quiz.answer",
  "pk": 238,
  "fields": {
    "response": 8,
    "question": 38,
    "value": "2"
  }
},
{
  "model": "quiz.answer",
  "pk": 239,
  "fields": {
    "response": 8,
    "question": 39,
    "value": "2"
  }
},
{
  "model": "quiz.answer",
  "pk": 240,
  "fields": {
    "response": 8,
    "question": 40,
    "value": "2"
  }
},
{
  "model": "quiz.answer",
  "pk": 241,
  "fields": {
    "response": 8,
    "question": 1,
    "value": "2"
  }
},
{
  "model": "quiz.answer",
  "pk": 242,
  "fields": {
    "response": 8,
    "question": 2,
    "value": "2"
  }
},
{
  "model": "quiz.answer",
  "pk": 243,
  "fields": {
    "response": 8,
    "question": 3,
    "value": "2"
  }
},
{
  "model": "quiz.answer",
  "pk": 244,
  "fields": {
    "response": 8,
    "question": 4,
    "value": "2"
  }
},
{
  "model": "quiz.answer",
  "pk": 245,
  "fields": {
    "response": 8,
    "question": 5,
    "value": "2"
  }
},
{
  "model": "quiz.answer",
  "pk": 246,
  "fields": {
    "response": 8,
    "question": 26,
    "value": "2"
  }
},
{
  "model": "quiz.answer",
  "pk": 247,
  "fields": {
    "response": 8,
    "question": 27,
    "value": "2"
  }
},
{
  "model": "quiz.answer",
  "pk": 248,
  "fields": {
    "response": 8,
    "question": 28,
    "value": "2"
  }
},
{
  "model": "quiz.answer",
  "pk": 249,
  "fields": {
    "response": 8,
    "question": 29,
    "value": "2"
  }
},
{
  "model": "quiz.answer",
  "pk": 250,
  "fields": {
    "response": 8,
    "question": 30,
    "value": "2"
  }
},
{
  "model": "quiz.answer",
  "pk": 251,
  "fields": {
    "response": 9,
    "question": 6,
    "value": "2"
  }
},
{
  "model": "quiz.answer",
  "pk": 252,
  "fields": {
    "response": 9,
    "question": 7,
    "value": "2"
  }
},
{
  "model": "quiz.answer",
  "pk": 253,
  "fields": {
    "response": 9,
    "question": 8,
    "value": "2"
  }
},
{
  "model": "quiz.answer",
  "pk": 254,
  "fields": {
    "response": 9,
    "question": 9,
    "value": "2"
  }
},
{
  "model": "quiz.answer",
  "pk": 255,
  "fields": {
    "response": 9,
    "question": 10,
    "value": "2"
  }
},
{
  "model": "quiz.answer",
  "pk": 256,
  "fields": {
    "response": 9,
    "question": 31,
    "value": "2"
  }
},
{
  "model": "quiz.answer",
  "pk": 257,
  "fields": {
    "response": 9,
    "question": 32,
    "value": "2"
  }
},
{
  "model": "quiz.answer",
  "pk": 258,
  "fields": {
    "response": 9,
    "question": 33,
    "value": "2"
  }
},
{
  "model": "quiz.answer",
  "pk": 259,
  "fields": {
    "response": 9,
    "question": 34,
    "value": "2"
  }
},
{
  "model": "quiz.answer",
  "pk": 260,
  "fields": {
    "response": 9,
    "question": 35,
    "value": "2"
  }
},
{
  "model": "quiz.answer",
  "pk": 261,
  "fields": {
    "response": 9,
    "question": 16,
    "value": "2"
  }
},
{
  "model": "quiz.answer",
  "pk": 262,
  "fields": {
    "response": 9,
    "question": 17,
    "value": "2"
  }
},
{
  "model": "quiz.answer",
  "pk": 263,
  "fields": {
    "response": 9,
    "question": 18,
    "value": "2"
  }
},
{
  "model": "quiz.answer",
  "pk": 264,
  "fields": {
    "response": 9,
    "question": 19,
    "value": "2"
  }
},
{
  "model": "quiz.answer",
  "pk": 265,
  "fields": {
    "response": 9,
    "question": 20,
    "value": "2"
  }
},
{
  "model": "quiz.answer",
  "pk": 266,
  "fields": {
    "response": 9,
    "question": 41,
    "value": "2"
  }
},
{
  "model": "quiz.answer",
  "pk": 267,
  "fields": {
    "response": 9,
    "question": 42,
    "value": "2"
  }
},
{
  "model": "quiz.answer",
  "pk": 268,
  "fields": {
    "response": 9,
    "question": 43,
    "value": "2"
  }
},
{
  "model": "quiz.answer",
  "pk": 269,
  "fields": {
    "response": 9,
    "question": 44,
    "value": "2"
  }
},
{
  "model": "quiz.answer",
  "pk": 270,
  "fields": {
    "response": 9,
    "question": 45,
    "value": "2"
  }
},
{
  "model": "quiz.answer",
  "pk": 271,
  "fields": {
    "response": 9,
    "question": 21,
    "value": "2"
  }
},
{
  "model": "quiz.answer",
  "pk": 272,
  "fields": {
    "response": 9,
    "question": 22,
    "value": "2"
  }
},
{
  "model": "quiz.answer",
  "pk": 273,
  "fields": {
    "response": 9,
    "question": 23,
    "value": "2"
  }
},
{
  "model": "quiz.answer",
  "pk": 274,
  "fields": {
    "response": 9,
    "question": 24,
    "value": "2"
  }
},
{
  "model": "quiz.answer",
  "pk": 275,
  "fields": {
    "response": 9,
    "question": 25,
    "value": "2"
  }
},
{
  "model": "quiz.answer",
  "pk": 276,
  "fields": {
    "response": 9,
    "question": 46,
    "value": "2"
  }
},
{
  "model": "quiz.answer",
  "pk": 277,
  "fields": {
    "response": 9,
    "question": 47,
    "value": "2"
  }
},
{
  "model": "quiz.answer",
  "pk": 278,
  "fields": {
    "response": 9,
    "question": 48,
    "value": "2"
  }
},
{
  "model": "quiz.answer",
  "pk": 279,
  "fields": {
    "response": 9,
    "question": 49,
    "value": "2"
  }
},
{
  "model": "quiz.answer",
  "pk": 280,
  "fields": {
    "response": 9,
    "question": 50,
    "value": "2"
  }
},
{
  "model": "quiz.answer",
  "pk": 281,
  "fields": {
    "response": 9,
    "question": 11,
    "value": "2"
  }
},
{
  "model": "quiz.answer",
  "pk": 282,
  "fields": {
    "response": 9,
    "question": 12,
    "value": "2"
  }
},
{
  "model": "quiz.answer",
  "pk": 283,
  "fields": {
    "response": 9,
    "question": 13,
    "value": "2"
  }
},
{
  "model": "quiz.answer",
  "pk": 284,
  "fields": {
    "response": 9,
    "question": 14,
    "value": "2"
  }
},
{
  "model": "quiz.answer",
  "pk": 285,
  "fields": {
    "response": 9,
    "question": 15,
    "value": "2"
  }
},
{
  "model": "quiz.answer",
  "pk": 286,
  "fields": {
    "response": 9,
    "question": 36,
    "value": "2"
  }
},
{
  "model": "quiz.answer",
  "pk": 287,
  "fields": {
    "response": 9,
    "question": 37,
    "value": "2"
  }
},
{
  "model": "quiz.answer",
  "pk": 288,
  "fields": {
    "response": 9,
    "question": 38,
    "value": "2"
  }
},
{
  "model": "quiz.answer",
  "pk": 289,
  "fields": {
    "response": 9,
    "question": 39,
    "value": "2"
  }
},
{
  "model": "quiz.answer",
  "pk": 290,
  "fields": {
    "response": 9,
    "question": 40,
    "value": "2"
  }
},
{
  "model": "quiz.answer",
  "pk": 291,
  "fields": {
    "response": 9,
    "question": 1,
    "value": "2"
  }
},
{
  "model": "quiz.answer",
  "pk": 292,
  "fields": {
    "response": 9,
    "question": 2,
    "value": "2"
  }
},
{
  "model": "quiz.answer",
  "pk": 293,
  "fields": {
    "response": 9,
    "question": 3,
    "value": "2"
  }
},
{
  "model": "quiz.answer",
  "pk": 294,
  "fields": {
    "response": 9,
    "question": 4,
    "value": "2"
  }
},
{
  "model": "quiz.answer",
  "pk": 295,
  "fields": {
    "response": 9,
    "question": 5,
    "value": "2"
  }
},
{
  "model": "quiz.answer",
  "pk": 296,
  "fields": {
    "response": 9,
    "question": 26,
    "value": "2"
  }
},
{
  "model": "quiz.answer",
  "pk": 297,
  "fields": {
    "response": 9,
    "question": 27,
    "value": "2"
  }
},
{
  "model": "quiz.answer",
  "pk": 298,
  "fields": {
    "response": 9,
    "question": 28,
    "value": "2"
  }
},
{
  "model": "quiz.answer",
  "pk": 299,
  "fields": {
    "response": 9,
    "question": 29,
    "value": "2"
  }
},
{
  "model": "quiz.answer",
  "pk": 300,
  "fields": {
    "response": 9,
    "question": 30,
    "value": "2"
  }
},
{
  "model": "quiz.answer",
  "pk": 301,
  "fields": {
    "response": 10,
    "question": 6,
    "value": "1"
  }
},
{
  "model": "quiz.answer",
  "pk": 302,
  "fields": {
    "response": 10,
    "question": 7,
    "value": "2"
  }
},
{
  "model": "quiz.answer",
  "pk": 303,
  "fields": {
    "response": 10,
    "question": 8,
    "value": "2"
  }
},
{
  "model": "quiz.answer",
  "pk": 304,
  "fields": {
    "response": 10,
    "question": 9,
    "value": "2"
  }
},
{
  "model": "quiz.answer",
  "pk": 305,
  "fields": {
    "response": 10,
    "question": 10,
    "value": "2"
  }
},
{
  "model": "quiz.answer",
  "pk": 306,
  "fields": {
    "response": 10,
    "question": 31,
    "value": "2"
  }
},
{
  "model": "quiz.answer",
  "pk": 307,
  "fields": {
    "response": 10,
    "question": 32,
    "value": "2"
  }
},
{
  "model": "quiz.answer",
  "pk": 308,
  "fields": {
    "response": 10,
    "question": 33,
    "value": "2"
  }
},
{
  "model": "quiz.answer",
  "pk": 309,
  "fields": {
    "response": 10,
    "question": 34,
    "value": "2"
  }
},
{
  "model": "quiz.answer",
  "pk": 310,
  "fields": {
    "response": 10,
    "question": 35,
    "value": "2"
  }
},
{
  "model": "quiz.answer",
  "pk": 311,
  "fields": {
    "response": 10,
    "question": 56,
    "value": "2"
  }
},
{
  "model": "quiz.answer",
  "pk": 312,
  "fields": {
    "response": 10,
    "question": 57,
    "value": "2"
  }
},
{
  "model": "quiz.answer",
  "pk": 313,
  "fields": {
    "response": 10,
    "question": 58,
    "value": "2"
  }
},
{
  "model": "quiz.answer",
  "pk": 314,
  "fields": {
    "response": 10,
    "question": 59,
    "value": "2"
  }
},
{
  "model": "quiz.answer",
  "pk": 315,
  "fields": {
    "response": 10,
    "question": 60,
    "value": "2"
  }
},
{
  "model": "quiz.answer",
  "pk": 316,
  "fields": {
    "response": 10,
    "question": 81,
    "value": "2"
  }
},
{
  "model": "quiz.answer",
  "pk": 317,
  "fields": {
    "response": 10,
    "question": 82,
    "value": "2"
  }
},
{
  "model": "quiz.answer",
  "pk": 318,
  "fields": {
    "response": 10,
    "question": 83,
    "value": "2"
  }
},
{
  "model": "quiz.answer",
  "pk": 319,
  "fields": {
    "response": 10,
    "question": 84,
    "value": "2"
  }
},
{
  "model": "quiz.answer",
  "pk": 320,
  "fields": {
    "response": 10,
    "question": 85,
    "value": "2"
  }
},
{
  "model": "quiz.answer",
  "pk": 321,
  "fields": {
    "response": 10,
    "question": 106,
    "value": "2"
  }
},
{
  "model": "quiz.answer",
  "pk": 322,
  "fields": {
    "response": 10,
    "question": 107,
    "value": "2"
  }
},
{
  "model": "quiz.answer",
  "pk": 323,
  "fields": {
    "response": 10,
    "question": 108,
    "value": "2"
  }
},
{
  "model": "quiz.answer",
  "pk": 324,
  "fields": {
    "response": 10,
    "question": 109,
    "value": "2"
  }
},
{
  "model": "quiz.answer",
  "pk": 325,
  "fields": {
    "response": 10,
    "question": 110,
    "value": "2"
  }
},
{
  "model": "quiz.answer",
  "pk": 326,
  "fields": {
    "response": 10,
    "question": 16,
    "value": "3"
  }
},
{
  "model": "quiz.answer",
  "pk": 327,
  "fields": {
    "response": 10,
    "question": 17,
    "value": "3"
  }
},
{
  "model": "quiz.answer",
  "pk": 328,
  "fields": {
    "response": 10,
    "question": 18,
    "value": "3"
  }
},
{
  "model": "quiz.answer",
  "pk": 329,
  "fields": {
    "response": 10,
    "question": 19,
    "value": "3"
  }
},
{
  "model": "quiz.answer",
  "pk": 330,
  "fields": {
    "response": 10,
    "question": 20,
    "value": "3"
  }
},
{
  "model": "quiz.answer",
  "pk": 331,
  "fields": {
    "response": 10,
    "question": 41,
    "value": "3"
  }
},
{
  "model": "quiz.answer",
  "pk": 332,
  "fields": {
    "response": 10,
    "question": 42,
    "value": "3"
  }
},
{
  "model": "quiz.answer",
  "pk": 333,
  "fields": {
    "response": 10,
    "question": 43,
    "value": "3"
  }
},
{
  "model": "quiz.answer",
  "pk": 334,
  "fields": {
    "response": 10,
    "question": 44,
    "value": "3"
  }
},
{
  "model": "quiz.answer",
  "pk": 335,
  "fields": {
    "response": 10,
    "question": 45,
    "value": "3"
  }
},
{
  "model": "quiz.answer",
  "pk": 336,
  "fields": {
    "response": 10,
    "question": 66,
    "value": "3"
  }
},
{
  "model": "quiz.answer",
  "pk": 337,
  "fields": {
    "response": 10,
    "question": 67,
    "value": "3"
  }
},
{
  "model": "quiz.answer",
  "pk": 338,
  "fields": {
    "response": 10,
    "question": 68,
    "value": "3"
  }
},
{
  "model": "quiz.answer",
  "pk": 339,
  "fields": {
    "response": 10,
    "question": 69,
    "value": "3"
  }
},
{
  "model": "quiz.answer",
  "pk": 340,
  "fields": {
    "response": 10,
    "question": 70,
    "value": "3"
  }
},
{
  "model": "quiz.answer",
  "pk": 341,
  "fields": {
    "response": 10,
    "question": 91,
    "value": "3"
  }
},
{
  "model": "quiz.answer",
  "pk": 342,
  "fields": {
    "response": 10,
    "question": 92,
    "value": "3"
  }
},
{
  "model": "quiz.answer",
  "pk": 343,
  "fields": {
    "response": 10,
    "question": 93,
    "value": "3"
  }
},
{
  "model": "quiz.answer",
  "pk": 344,
  "fields": {
    "response": 10,
    "question": 94,
    "value": "3"
  }
},
{
  "model": "quiz.answer",
  "pk": 345,
  "fields": {
    "response": 10,
    "question": 95,
    "value": "3"
  }
},
{
  "model": "quiz.answer",
  "pk": 346,
  "fields": {
    "response": 10,
    "question": 116,
    "value": "3"
  }
},
{
  "model": "quiz.answer",
  "pk": 347,
  "fields": {
    "response": 10,
    "question": 117,
    "value": "4"
  }
},
{
  "model": "quiz.answer",
  "pk": 348,
  "fields": {
    "response": 10,
    "question": 118,
    "value": "4"
  }
},
{
  "model": "quiz.answer",
  "pk": 349,
  "fields": {
    "response": 10,
    "question": 119,
    "value": "4"
  }
},
{
  "model": "quiz.answer",
  "pk": 350,
  "fields": {
    "response": 10,
    "question": 120,
    "value": "4"
  }
},
{
  "model": "quiz.answer",
  "pk": 351,
  "fields": {
    "response": 10,
    "question": 21,
    "value": "1"
  }
},
{
  "model": "quiz.answer",
  "pk": 352,
  "fields": {
    "response": 10,
    "question": 22,
    "value": "2"
  }
},
{
  "model": "quiz.answer",
  "pk": 353,
  "fields": {
    "response": 10,
    "question": 23,
    "value": "3"
  }
},
{
  "model": "quiz.answer",
  "pk": 354,
  "fields": {
    "response": 10,
    "question": 24,
    "value": "4"
  }
},
{
  "model": "quiz.answer",
  "pk": 355,
  "fields": {
    "response": 10,
    "question": 25,
    "value": "5"
  }
},
{
  "model": "quiz.answer",
  "pk": 356,
  "fields": {
    "response": 10,
    "question": 46,
    "value": "4"
  }
},
{
  "model": "quiz.answer",
  "pk": 357,
  "fields": {
    "response": 10,
    "question": 47,
    "value": "3"
  }
},
{
  "model": "quiz.answer",
  "pk": 358,
  "fields": {
    "response": 10,
    "question": 48,
    "value": "2"
  }
},
{
  "model": "quiz.answer",
  "pk": 359,
  "fields": {
    "response": 10,
    "question": 49,
    "value": "1"
  }
},
{
  "model": "quiz.answer",
  "pk": 360,
  "fields": {
    "response": 10,
    "question": 50,
    "value": "2"
  }
},
{
  "model": "quiz.answer",
  "pk": 361,
  "fields": {
    "response": 10,
    "question": 71,
    "value": "3"
  }
},
{
  "model": "quiz.answer",
  "pk": 362,
  "fields": {
    "response": 10,
    "question": 72,
    "value": "4"
  }
},
{
  "model": "quiz.answer",
  "pk": 363,
  "fields": {
    "response": 10,
    "question": 73,
    "value": "5"
  }
},
{
  "model": "quiz.answer",
  "pk": 364,
  "fields": {
    "response": 10,
    "question": 74,
    "value": "4"
  }
},
{
  "model": "quiz.answer",
  "pk": 365,
  "fields": {
    "response": 10,
    "question": 75,
    "value": "3"
  }
},
{
  "model": "quiz.answer",
  "pk": 366,
  "fields": {
    "response": 10,
    "question": 96,
    "value": "2"
  }
},
{
  "model": "quiz.answer",
  "pk": 367,
  "fields": {
    "response": 10,
    "question": 97,
    "value": "1"
  }
},
{
  "model": "quiz.answer",
  "pk": 368,
  "fields": {
    "response": 10,
    "question": 98,
    "value": "1"
  }
},
{
  "model": "quiz.answer",
  "pk": 369,
  "fields": {
    "response": 10,
    "question": 99,
    "value": "2"
  }
},
{
  "model": "quiz.answer",
  "pk": 370,
  "fields": {
    "response": 10,
    "question": 100,
    "value": "3"
  }
},
{
  "model": "quiz.answer",
  "pk": 371,
  "fields": {
    "response": 10,
    "question": 121,
    "value": "4"
  }
},
{
  "model": "quiz.answer",
  "pk": 372,
  "fields": {
    "response": 10,
    "question": 122,
    "value": "5"
  }
},
{
  "model": "quiz.answer",
  "pk": 373,
  "fields": {
    "response": 10,
    "question": 123,
    "value": "4"
  }
},
{
  "model": "quiz.answer",
  "pk": 374,
  "fields": {
    "response": 10,
    "question": 124,
    "value": "3"
  }
},
{
  "model": "quiz.answer",
  "pk": 375,
  "fields": {
    "response": 10,
    "question": 125,
    "value": "2"
  }
},
{
  "model": "quiz.answer",
  "pk": 376,
  "fields": {
    "response": 10,
    "question": 11,
    "value": "1"
  }
},
{
  "model": "quiz.answer",
  "pk": 377,
  "fields": {
    "response": 10,
    "question": 12,
    "value": "2"
  }
},
{
  "model": "quiz.answer",
  "pk": 378,
  "fields": {
    "response": 10,
    "question": 13,
    "value": "3"
  }
},
{
  "model": "quiz.answer",
  "pk": 379,
  "fields": {
    "response": 10,
    "question": 14,
    "value": "4"
  }
},
{
  "model": "quiz.answer",
  "pk": 380,
  "fields": {
    "response": 10,
    "question": 15,
    "value": "5"
  }
},
{
  "model": "quiz.answer",
  "pk": 381,
  "fields": {
    "response": 10,
    "question": 36,
    "value": "4"
  }
},
{
  "model": "quiz.answer",
  "pk": 382,
  "fields": {
    "response": 10,
    "question": 37,
    "value": "3"
  }
},
{
  "model": "quiz.answer",
  "pk": 383,
  "fields": {
    "response": 10,
    "question": 38,
    "value": "2"
  }
},
{
  "model": "quiz.answer",
  "pk": 384,
  "fields": {
    "response": 10,
    "question": 39,
    "value": "1"
  }
},
{
  "model": "quiz.answer",
  "pk": 385,
  "fields": {
    "response": 10,
    "question": 40,
    "value": "0"
  }
},
{
  "model": "quiz.answer",
  "pk": 386,
  "fields": {
    "response": 10,
    "question": 61,
    "value": "1"
  }
},
{
  "model": "quiz.answer",
  "pk": 387,
  "fields": {
    "response": 10,
    "question": 62,
    "value": "2"
  }
},
{
  "model": "quiz.answer",
  "pk": 388,
  "fields": {
    "response": 10,
    "question": 63,
    "value": "3"
  }
},
{
  "model": "quiz.answer",
  "pk": 389,
  "fields": {
    "response": 10,
    "question": 64,
    "value": "3"
  }
},
{
  "model": "quiz.answer",
  "pk": 390,
  "fields": {
    "response": 10,
    "question": 65,
    "value": "3"
  }
},
{
  "model": "quiz.answer",
  "pk": 391,
  "fields": {
    "response": 10,
    "question": 86,
    "value": "2"
  }
},
{
  "model": "quiz.answer",
  "pk": 392,
  "fields": {
    "response": 10,
    "question": 87,
    "value": "1"
  }
},
{
  "model": "quiz.answer",
  "pk": 393,
  "fields": {
    "response": 10,
    "question": 88,
    "value": "2"
  }
},
{
  "model": "quiz.answer",
  "pk": 394,
  "fields": {
    "response": 10,
    "question": 89,
    "value": "3"
  }
},
{
  "model": "quiz.answer",
  "pk": 395,
  "fields": {
    "response": 10,
    "question": 90,
    "value": "4"
  }
},
{
  "model": "quiz.answer",
  "pk": 396,
  "fields": {
    "response": 10,
    "question": 111,
    "value": "5"
  }
},
{
  "model": "quiz.answer",
  "pk": 397,
  "fields": {
    "response": 10,
    "question": 112,
    "value": "4"
  }
},
{
  "model": "quiz.answer",
  "pk": 398,
  "fields": {
    "response": 10,
    "question": 113,
    "value": "3"
  }
},
{
  "model": "quiz.answer",
  "pk": 399,
  "fields": {
    "response": 10,
    "question": 114,
    "value": "2"
  }
},
{
  "model": "quiz.answer",
  "pk": 400,
  "fields": {
    "response": 10,
    "question": 115,
    "value": "1"
  }
},
{
  "model": "quiz.answer",
  "pk": 401,
  "fields": {
    "response": 10,
    "question": 1,
    "value": "1"
  }
},
{
  "model": "quiz.answer",
  "pk": 402,
  "fields": {
    "response": 10,
    "question": 2,
    "value": "2"
  }
},
{
  "model": "quiz.answer",
  "pk": 403,
  "fields": {
    "response": 10,
    "question": 3,
    "value": "3"
  }
},
{
  "model": "quiz.answer",
  "pk": 404,
  "fields": {
    "response": 10,
    "question": 4,
    "value": "4"
  }
},
{
  "model": "quiz.answer",
  "pk": 405,
  "fields": {
    "response": 10,
    "question": 5,
    "value": "5"
  }
},
{
  "model": "quiz.answer",
  "pk": 406,
  "fields": {
    "response": 10,
    "question": 26,
    "value": "4"
  }
},
{
  "model": "quiz.answer",
  "pk": 407,
  "fields": {
    "response": 10,
    "question": 27,
    "value": "3"
  }
},
{
  "model": "quiz.answer",
  "pk": 408,
  "fields": {
    "response": 10,
    "question": 28,
    "value": "2"
  }
},
{
  "model": "quiz.answer",
  "pk": 409,
  "fields": {
    "response": 10,
    "question": 29,
    "value": "1"
  }
},
{
  "model": "quiz.answer",
  "pk": 410,
  "fields": {
    "response": 10,
    "question": 30,
    "value": "2"
  }
},
{
  "model": "quiz.answer",
  "pk": 411,
  "fields": {
    "response": 10,
    "question": 51,
    "value": "3"
  }
},
{
  "model": "quiz.answer",
  "pk": 412,
  "fields": {
    "response": 10,
    "question": 52,
    "value": "4"
  }
},
{
  "model": "quiz.answer",
  "pk": 413,
  "fields": {
    "response": 10,
    "question": 53,
    "value": "5"
  }
},
{
  "model": "quiz.answer",
  "pk": 414,
  "fields": {
    "response": 10,
    "question": 54,
    "value": "4"
  }
},
{
  "model": "quiz.answer",
  "pk": 415,
  "fields": {
    "response": 10,
    "question": 55,
    "value": "3"
  }
},
{
  "model": "quiz.answer",
  "pk": 416,
  "fields": {
    "response": 10,
    "question": 76,
    "value": "2"
  }
},
{
  "model": "quiz.answer",
  "pk": 417,
  "fields": {
    "response": 10,
    "question": 77,
    "value": "1"
  }
},
{
  "model": "quiz.answer",
  "pk": 418,
  "fields": {
    "response": 10,
    "question": 78,
    "value": "2"
  }
},
{
  "model": "quiz.answer",
  "pk": 419,
  "fields": {
    "response": 10,
    "question": 79,
    "value": "3"
  }
},
{
  "model": "quiz.answer",
  "pk": 420,
  "fields": {
    "response": 10,
    "question": 80,
    "value": "4"
  }
},
{
  "model": "quiz.answer",
  "pk": 421,
  "fields": {
    "response": 10,
    "question": 101,
    "value": "3"
  }
},
{
  "model": "quiz.answer",
  "pk": 422,
  "fields": {
    "response": 10,
    "question": 102,
    "value": "2"
  }
},
{
  "model": "quiz.answer",
  "pk": 423,
  "fields": {
    "response": 10,
    "question": 103,
    "value": "1"
  }
},
{
  "model": "quiz.answer",
  "pk": 424,
  "fields": {
    "response": 10,
    "question": 104,
    "value": "2"
  }
},
{
  "model": "quiz.answer",
  "pk": 425,
  "fields": {
    "response": 10,
    "question": 105,
    "value": "3"
  }
},
{
  "model": "quiz.programmerresponse",
  "pk": 1,
  "fields": {
    "first_name": "Todd",
    "last_name": "McCaffrey",
    "age": 69,
    "years": 50,
    "primary_language": "Python",
    "languages": "Python, JavaScript, Java, C/C++",
    "other_language": "",
    "algorithms": "yes",
    "data_structures": "occasionally",
    "challenges": "weekly",
    "git": "learning",
    "ci_cd": "self",
    "testing": "manual",
    "open_source": "interested",
    "largest_project": "ACXpert for IBM",
    "agile": "no",
    "architecture": "personal",
    "concepts": "basic",
    "deployment": "few",
    "platforms": "github, docker",
    "platform_other": "",
    "favorite_areas": "web, desktop, ai",
    "interests_other": "",
    "learning": "w, h, e, n, _, n, e, e, d, e, d",
    "learning_other": "",
    "submitted_at": "2025-06-22T00:42:02.159Z"
  }
}
]
